{
    "loss": 20.049121856689453,
    "accuracy": 0.48201438784599304
}